R2,box_dimension,degree_variance,avg_shortest_path,graph_id,label
0.987462845,1.03117214,1.360544218,5.364692218,0,0
0.984348053,0.963937732,0.315500686,5.945868946,1,0
1,1.584962501,0.44,2.222222222,2,0
0.974568385,0.64672432,1.638888889,2.956521739,3,0
1,1.584962501,0.876033058,2.072727273,4,0
0.98374944,1.210311915,0.931972789,4.312292359,5,0
0.997585166,1.177932948,0.935185185,3.766381766,6,0
0.983094951,1.347544054,1.812109968,10.06552924,7,0
0.944821142,0.924295877,0.354570637,4.18128655,8,0
1,1.807354922,0.429752066,2.509090909,9,0
0.971419965,0.772053156,0.16,4.636842105,10,0
0.937970557,1.508719559,1.883136095,4.576923077,11,0
0.97030999,1.068871822,0.426303855,4.238095238,12,0
0.970051784,0.916348547,0.890495868,5.355179704,13,0
0.938346474,0.980786104,0.74,4.305263158,14,0
0.979473337,0.836012994,0.4275,8.602564103,15,0
0.925472617,0.951988116,0.332703214,4.537549407,16,0
0.991914184,1.042389131,1.441502001,14.24820855,17,0
0.893604428,1.06654487,1.718112245,5.159090909,18,0
0.900485972,0.895807302,0.397805213,6.031339031,19,0
0.950271085,0.804381257,0.925592472,16.57210031,20,0
0.977195509,0.869934505,0.38957476,12.07197764,21,0
0.965049105,1.088893932,1.912229895,7.408412483,22,0
1,0.807354922,1.333333333,2.060606061,23,0
0.992860685,1.065693532,0.987654321,4.093650794,24,0
0.949897906,1.20727586,0.989166037,11.5791746,25,0
0.986142389,1.028517941,1.435651812,8.578371555,26,0
0.924095293,1.352023296,1.309664694,4.176788124,27,0
0.912291877,1.036578968,1.229619082,5.726415094,28,0
0.953255341,0.964692902,0.573110005,7.339500463,29,0
0.989564717,0.997931861,0.768395062,6.55959596,30,0
1,1,0.484375,2.683333333,31,0
0.980101048,1.176767488,0.862068966,5.777979431,32,0
0.997418624,1.149152368,0.816326531,2.835164835,33,0
0.970691334,0.905330079,0.545953361,5.811965812,34,0
0.971451777,0.858289957,0.211720227,5.197628458,35,0
0.952465154,0.808912148,0.301939058,7.914651494,36,0
0.980547526,1.040803501,0.857283951,6.005050505,37,0
0.989500473,1.207065847,1.461891644,3.564393939,38,0
0.985117971,0.992776713,0.752177755,7.722165475,39,0
0.94076614,0.840398496,0.3696,10.55918367,40,0
0.992768812,1.278354025,0.622222222,3.314285714,41,0
0.985415561,1.290295663,1.239290266,8.332079208,42,0
0.917353779,0.883506845,0.439909297,4.628571429,43,0
0.929604873,1.013649606,1.0336,3.493333333,44,0
0.934334397,0.904631506,0.375,6.701612903,45,0
0.947139746,1.002203494,1.048611111,5.45657277,46,0
0.99508413,1.449570098,0.947368421,2.67251462,47,0
0.983190606,1.205498637,0.709342561,5.215686275,48,0
0.957804725,1.14052869,0.711374096,5.618083671,49,0
1,1.584962501,0.545454545,2.054545455,50,0
0.940639356,1.014493384,0.801248699,5.025806452,51,0
0.974968548,1.191284006,0.953580247,13.31446307,52,0
0.967874118,1.02832408,0.820415879,2.837944664,53,0
0.913016593,0.827016618,0.64,4.126315789,54,0
0.972345843,1.008015945,0.694444444,4.614285714,55,0
0.976074769,1.225965003,1.188057864,5.38283208,56,0
0.961342528,0.932183691,0.418685121,7.012477718,57,0
0.866830971,0.886580145,1.263157895,3.005847953,58,0
0.929530051,1.123835284,1.411573824,4.394241417,59,0
0.996056324,1.085576214,0.81,2.857894737,60,0
0.960408526,0.954348607,0.510396975,4.877470356,61,0
0.989862632,1.01575646,1.31122449,4,62,0
0.968887543,1.314927124,1.492072024,8.242921013,63,0
0.975909188,1.238237221,0.719008264,3.774891775,64,0
0.990455415,1.02364168,0.88244898,7.351966874,65,0
0.967703973,1.046334116,0.7696,7.293877551,66,0
1,1.321928095,0.56,1.955555556,67,0
0.968605842,1.042206089,1.048010974,4.435897436,68,0
0.970691334,0.905330079,0.402366864,5.529230769,69,0
0.967903638,0.890895827,0.384295062,7.963414634,70,0
0.866830971,0.886580145,0.797783934,2.947368421,71,0
0.974245585,1.212461849,1.727272727,2.683982684,72,0
0.969467512,1.125531172,1.055555556,7.090375587,73,0
0.969878277,1.108925688,1.106648199,6.378947368,74,0
0,0,0.888888889,1.266666667,75,0
0.975074817,1.424138847,2.213933403,23.33142946,76,0
0.960842111,1.145943187,1.224360816,4.628872005,77,0
0.985691096,1.20012367,1.426592798,3.635846373,78,0
0.934590834,0.916381273,0.325141777,4.897233202,79,0
0.972652467,1.017300286,0.52154195,4.4,80,0
0.846075701,0.93086956,0.752362949,4.418972332,81,0
0.964184416,0.886707873,0.357960458,7.197849462,82,0
1,1.415037499,1.0625,2.1,83,0
0.977653959,1.233661942,0.933837429,3.158102767,84,0
0,0,1.102040816,1.428571429,85,0
0.95002049,1.208063727,1.00591716,3.510769231,86,0
1,2,1.36565097,2.054945055,87,0
0.92731645,1.007228438,0.520661157,4.670995671,88,0
0.981422216,0.987848106,0.4896,5.03,89,0
0.98310965,1.354654586,1.830588235,11.2045945,90,0
0.973821651,1.139614273,1.752572552,7.978610869,91,0
0.965173925,1.118515071,1.165279429,7.710223835,92,0
0.992768812,1.278354025,0.571428571,2.582417582,93,0
1,1.584962501,0.472222222,2.409090909,94,0
0.970003429,0.869668059,0.782222222,2.647619048,95,0
0.971282394,1.169174488,1.362222222,6.265536723,96,0
0.977041235,0.982954132,0.363636364,3.619047619,97,0
0.975199489,1.131739817,0.66322314,12.34038662,98,0
0.962499288,1.210298565,1.046831956,3.535984848,99,0
0.969613397,1.163517257,1.4016,5.94122449,100,0
0.965798778,1.015119619,0.555555556,7.983615819,101,0
0.979173284,1.035120545,0.780521262,6.750524109,102,0
0.943403564,1.153756981,1.305555556,3.742753623,103,0
0.94341776,0.968024149,0.997229917,6.177809388,104,0
1,1.584962501,0.876033058,2.054545455,105,0
0.987680204,1.200207183,1.474402042,9.350266478,106,0
0.972649221,1.135760623,0.965,7.573417722,107,0
0.969462242,1.296651895,0.975206612,2.831168831,108,0
0.922800014,0.881803708,0.301020408,6.042328042,109,0
0.976984908,0.957390394,0.400756144,4.561264822,110,0
0.952116811,1.163701901,1.61046284,6.852085967,111,0
0.99508413,1.449570098,1.395061728,2.633986928,112,0
0.975909188,1.238237221,0.571428571,3.261904762,113,0
0.904953507,0.821765521,0.96128561,6.172672673,114,0
0.98075488,1.091011267,0.924449732,4.940243902,115,0
0.972949168,1.113698849,0.785082661,5.712941176,116,0
0.970868699,0.938105238,0.792387543,5.333333333,117,0
0.966227115,1.19612844,0.68175583,5.735849057,118,0
0.971844559,0.873254911,0.4864,5.683333333,119,0
0.980339593,1.104128679,1,4.568548387,120,0
0.999701629,0.794810048,0.722222222,3.427536232,121,0
0.951731555,1.175319179,1.258064516,6.988365944,122,0
0.93355748,1.00147636,2.344510191,6.179156328,123,0
0.979488677,1.143869555,0.734072022,5.051209104,124,0
0.927155325,0.803756043,0.429752066,4.558441558,125,0
0.988480166,1.130485052,0.48199446,3.49122807,126,0
0.95400811,0.980343018,0.469135802,5.675213675,127,0
1,1.222392421,0.674556213,2.525641026,128,0
0.957371797,1.151932777,0.91107438,5.767676768,129,0
0.982273477,1.089290908,1.138504155,5.315789474,130,0
0.991104627,1.053276263,0.3125,3.933333333,131,0
0.870223464,1.094960702,0.51,3.621052632,132,0
0.99718295,1.101492219,0.771626298,4.156862745,133,0
0.972202175,0.946387624,1.019575177,7.590986395,134,0
0.969635942,1.133488094,1.155006859,4.921733054,135,0
0.916337376,1.085600471,0.661625709,4.494071146,136,0
0.984968624,1.013924803,1.087198516,9.750170882,137,0
0.931976155,1.249111622,1.278302878,6.611253197,138,0
0.967782477,1.207673308,1.166353131,8.261888633,139,0
0.918802836,0.861392078,0.321428571,6.164021164,140,0
0.888932013,0.970999166,3.022683583,3.611764706,141,0
0.924100493,1.294077317,1.441689624,8.004947434,142,0
0.967146678,1.334146443,0.915224913,8.643246187,143,0
0.976450159,0.983413407,0.528888889,5.255172414,144,0
0.996344891,1.13688537,0.702422145,3.930481283,145,0
0.918283254,0.847503223,0.570749108,5.512315271,146,0
0.946026158,1.150209406,1.192098765,4.209090909,147,0
0.93653669,0.876403637,0.423440454,4.95256917,148,0
0.858915041,0.758537629,0.725206612,4.702898551,149,0
0.991104627,1.053276263,0.469135802,3.941176471,150,0
0.988480166,1.130485052,0.620498615,3.34502924,151,0
0.964086349,0.779693324,0.248888889,6.287356322,152,0
0.979433091,1.230013693,1.200806248,11.25587302,153,0
0.995179338,1.215908156,1.034482759,3.303448276,154,0
0.963161085,1.046952926,0.713469388,6.248739496,155,0
0.950101357,1.090082621,1.126200274,6.646401118,156,0
0.966264393,1.164433195,1.013682332,7.158687142,157,0
0.972121268,0.854660461,0.57648283,5.576344086,158,0
0.973280827,1.01931585,0.979166667,6.012411348,159,0
0.961784512,1.358957089,1.230421005,10.0993856,160,0
0.978058038,1.302978126,1.573294138,10.13157895,161,0
0.956655415,1.043302649,0.75,4.258974359,162,0
0.986113398,1.067922038,1.472715319,5.141700405,163,0
0.940760609,1.163634175,1.864191942,6.276824525,164,0
0.942130517,0.778119897,0.347755102,7.569747899,165,0
0,0,0.876033058,1.890909091,166,0
0.992795999,1.057247171,1.67261197,5.416466186,167,0
0.866830971,1.062989953,0.5,3.25,168,0
0.999636876,0.872257383,0.520710059,3.246153846,169,0
0.999254899,1.177795976,0.87534626,2.631578947,170,0
0.989620544,1.150448537,0.926933333,8.07027027,171,0
0.997940072,1.221191353,0.752834467,3.366666667,172,0
0.996527832,0.907764906,0.414266118,3.934472934,173,0
0.909130089,1.176758262,2.6275,5.690822785,174,0
1,1.415037499,0.906666667,2.361904762,175,0
0.963684561,1.205744856,0.936639118,4.668560606,176,0
0.973854758,1.331187957,1.787915512,10.05393865,177,0
0.98547955,1.089118972,0.829717291,4.808367072,178,0
0.975368223,1.429042957,1.515646155,10.09710411,179,0
0.986244523,1.182238479,0.9066077,8.891817467,180,0
0.964972577,0.961269151,0.817882972,6.862348178,181,0
0.974089617,1.164668891,0.972039782,6.095509893,182,0
0.958503211,1.023201544,0.967451524,8.697192982,183,0
0.984916995,1.051608498,0.566943675,5.189849624,184,0
0.966194321,1.108492226,1.175163658,6.819315895,185,0
0.983506743,1.062767023,0.666666667,5.247619048,186,0
0.997418624,1.149152368,0.551020408,2.67032967,187,0
0.945751665,1.277773693,0.877045033,7.335269993,188,0
0.923713608,1.242057936,0.743055556,3.365942029,189,0
0.982807498,1.157090863,1.099745248,5.628339141,190,0
0.996056324,1.085576214,1.16,3.005263158,191,0
0.960760148,1.02053953,1.01144641,4.438709677,192,0
0.941472998,0.863490331,0.585034014,12.27444956,193,0
0.928318964,1.159751278,1.576388889,6.188967136,194,0
0.949066744,0.812975857,0.404320988,7.131746032,195,0
0.992768812,1.278354025,0.387755102,3.142857143,196,0
0.96596531,1.175727643,1.617056245,10.16096709,197,0
0.934096188,0.930022256,0.969821674,8.504542278,198,0
0.966696471,1.269366097,1.197453548,9.838181629,199,0
0.967496744,0.963871877,1.091715976,7.226998492,200,0
0.949738558,1.109494442,1.437065972,8.015350877,201,0
0.972669927,0.90839352,0.435366837,11.66721311,202,0
1,1.222392421,1.138888889,2,203,0
1,1.222392421,0.5,2.196969697,204,0
1,1.415037499,0.857142857,2.461538462,205,0
0.904998513,0.982420848,1.432727273,4.841077441,206,0
0.943536628,0.968299431,0.979591837,4.305458769,207,0
0.984947616,1.063738915,1.446280992,8.797668998,208,0
0.965652025,1.193678009,1.051136364,8.768808777,209,0
0.982061381,1.14933923,1.165555556,6.433333333,210,0
0.866830971,0.978799907,0.725761773,3.076023392,211,0
0.963710072,1.160236742,0.771227691,4.406666667,212,0
0.99789881,0.928102573,0.899945917,4.734219269,213,0
0.986013249,1.311109277,1.159722222,2.971014493,214,0
0.943958636,0.819954796,0.413580247,7.268253968,215,0
0.947300824,1.004009935,0.91657055,4.764705882,216,0
0.960408526,0.954348607,0.298676749,5.059288538,217,0
0.973698471,1.09155438,0.862222222,4.933333333,218,0
0.973898227,1.11183385,0.673484295,4.288288288,219,0
0.99508413,1.449570098,0.888888889,2.562091503,220,0
1,1,0.416666667,2.560606061,221,0
0.967645619,1.018274805,0.5775,5.406410256,222,0
0.997928966,1.227104357,1.100258546,5.306253653,223,0
0.987016454,1.108957104,1.198347107,6.956177156,224,0
0.907885446,0.829344616,0.229591837,6.251322751,225,0
0.923432815,0.732852921,0.240832956,9.921369103,226,0
0.966257831,1.310306993,1.391966759,8.808731265,227,0
0.995541054,1.127374576,1.207100592,3.661538462,228,0
1,1.169925001,1.051903114,2.411764706,229,0
0.901041845,1.090222845,0.60486522,5.228070175,230,0
0.981261219,1.02428815,0.635802469,5.70952381,231,0
0.968993731,1.412042369,1.151390734,12.48709869,232,0
0.963943206,1.121144532,1.232741617,7.414585415,233,0
0.944600054,1.041284212,1.673155274,6.959296947,234,0
0.889352624,0.925850665,0.911712247,5.027093596,235,0
0.885724021,0.992512945,0.809917355,4.298701299,236,0
0.962134368,1.12283747,1.11342155,5.364251208,237,0
0.990833444,1.36065541,1.267712277,3.52173913,238,0
0.984614833,1.077269321,1.308480726,8.241941392,239,0
0.949213818,1.097111742,0.601664685,3.34729064,240,0
0.96682839,1.250183571,0.906666667,4,241,0
0.904881147,0.952968557,0.531855956,4.183499289,242,0
0.966693325,0.80398327,0.298631767,8.252439024,243,0
0.887428528,1.316209611,5.684240363,12.71200574,244,0
0.951624691,1.0976835,1.272727273,5.34469697,245,0
0.911036004,1.031247305,0.99691358,4.874603175,246,0
0.95026553,0.953666519,0.397805213,5.498575499,247,0
0.920809278,1.120861964,1.025306122,4.589915966,248,0
0.924684563,1.02040856,1.77734375,4.5,249,0
0.918338231,0.879110993,0.52734375,6.108870968,250,0
1,1.584962501,0.595041322,2.163636364,251,0
0.969331898,1.1957312,1.133217993,9.501960784,252,0
1,1.222392421,1.286694102,2.087912088,253,0
0.940344497,1.18702645,1.0304,5.804897959,254,0
0.903619454,0.828485396,0.94,3.463157895,255,0
0.947534871,1.023839013,0.787878788,4.424242424,256,0
0.991550982,1.01139025,0.484375,3.953629032,257,0
0.947195473,1.100985093,1.042218021,8.031116795,258,0
0.939256735,0.818186181,0.37244898,5.671957672,259,0
0.89630568,1.112507101,2.187145558,3.485990338,260,0
0.975264694,1.314112412,1.210428994,13.2559922,261,0
0.971358882,1.100933504,0.76,3.498850575,262,0
0.962684985,1.105771415,0.984375,2.923913043,263,0
0.960930604,0.959039467,0.765306122,4.402116402,264,0
0.956052053,1.063643283,0.4475,3.884210526,265,0
0.990470095,1.143044943,0.903047091,5.411095306,266,0
0.959037538,1.264779035,0.950617284,9.033748702,267,0
0.922790982,0.781222305,0.734651405,6.148387097,268,0
0.925956121,0.87578528,0.582857143,6.860504202,269,0
0.970226257,1.176106301,1.373961219,5.40398293,270,0
0.979763943,0.877779181,0.861111111,5.947619048,271,0
0.917178843,0.833625521,0.830246914,6.617460317,272,0
0.965340649,1.079492042,2.028480726,7.424908425,273,0
0.986070234,1.01829787,1.015610652,2.801470588,274,0
0.940376454,1.385669576,1.356801629,11.45372665,275,0
0.926008669,1.312960008,1.003460208,3.066176471,276,0
0.94968061,1.119448604,0.833564769,7.859557344,277,0
0.818408604,1.057052379,0.66,3.2,278,0
0.992982273,0.958323278,1.030612245,3.489417989,279,0
0.899941959,0.952685338,0.567708333,4.62,280,0
0.965507124,1.208426189,2.004759072,7.788252862,281,0
0.930151829,0.916367679,0.852040816,4.489417989,282,0
0.952139958,1.347689434,1.378625173,7.473327439,283,0
0.966750905,1.358188614,1.625598388,4.834101382,284,0
0.987168421,1.075612799,1.414930556,5.50177305,285,0
0.974245585,1.212461849,0.9275,2.989473684,286,0
0.96471017,0.95232173,0.616731302,7.193262411,287,0
0.923869605,1.24685406,1.14532872,4.333333333,288,0
1,1.415037499,1.244897959,2.065934066,289,0
0.980635917,1.264091332,0.630385488,3.904761905,290,0
0.986098168,1.083945128,0.539256198,5.368921776,291,0
0.974360715,1.031851939,0.695885074,16.15773956,292,0
0.967874118,1.02832408,0.865784499,2.750988142,293,0
0.943132531,0.916356177,0.626666667,10.96384181,294,0
0.985335892,1.087917487,0.757473727,10.9286745,295,0
0.991104627,1.053276263,0.820069204,3.996434938,296,0
0.954785096,1.050100665,0.52734375,5.02016129,297,0
0.997585166,1.177932948,0.611796982,3.518518519,298,0
0.98303553,1.164548523,0.775510204,4.145180023,299,0
0.99232812,1.059902859,1.727430556,7.479166667,300,0
0.912827796,1.026379879,0.76816609,3.367647059,301,0
0.984371198,1.048498113,0.895555556,7.178531073,302,0
0.974245585,1.212461849,1.292517007,2.547619048,303,0
0.943792522,1.039792876,1.430219516,5.741642324,304,0
0.982507435,0.888328227,0.289262235,15.68789337,305,0
0.955075499,1.117827293,1.766528926,7.746865204,306,0
0.91469087,0.956399121,0.692041522,6.181818182,307,0
0.971402652,1.453434866,1.739998513,16.0893936,308,0
0.939311605,1.281426477,1.599470289,8.736498108,309,0
0.967874118,1.02832408,0.833333333,3.018115942,310,0
0.966397501,0.888536373,0.316326531,6.182539683,311,0
0.956052053,1.063643283,0.56,3.789473684,312,0
0.907817527,1.103588668,0.532871972,3.411764706,313,0
0.993319137,1.318738157,1.003757763,9.3746517,314,0
1,1.584962501,0.41322314,2.327272727,315,0
0.909548006,0.873058158,0.3904,5.696666667,316,0
0.931502554,0.955472353,0.662222222,4.609195402,317,0
0.99999956,1.261986023,1.140495868,2.649350649,318,0
0.970011581,1.204999101,1.802469136,5.456481481,319,0
0.969988621,0.986032275,0.742382271,5.290184922,320,0
0.975884048,1.116541379,0.882299683,10.76092427,321,0
1,1.222392421,0.388888889,2.590909091,322,0
0.973624705,1.146147296,0.388888889,4.293478261,323,0
0.984582916,1.180466493,0.638888889,5.614285714,324,0
0.973139892,1.159659041,0.9536,6.119183673,325,0
0.988775964,1.008120208,0.728888889,4.551724138,326,0
0.969821635,1.127194187,0.966701353,4.829719725,327,0
0.984561002,1.322149451,1.163013353,5.15719406,328,0
0.964957998,0.914370971,0.41322314,5.121212121,329,0
0.981417126,1.088202781,0.6875,4.429435484,330,0
0.986070234,1.01829787,0.955017301,2.551470588,331,0
0.976741881,1.059320369,0.715976331,5.046153846,332,0
0.866830971,0.847081797,0.776859504,2.995670996,333,0
0.998900172,0.775132274,0.693877551,2.692307692,334,0
0.983258656,0.919191697,0.809917355,3.627705628,335,0
0.996431305,0.887671317,1.412892562,4.727946128,336,0
0.967041412,1.276483366,0.7536,5.595918367,337,0
0.943084086,1.004613631,1.21484375,4.608870968,338,0
0.964419268,0.873044463,0.913469388,11.15610766,339,0
0.982424803,1.2102667,0.698347107,4.495959596,340,0
1,1.584962501,1.125,2.341666667,341,0
0.926008669,1.312960008,1,3.117647059,342,0
0.979627438,1.21156657,0.802469136,4.575821104,343,0
0.87731068,1.386580145,0.777777778,2.575163399,344,0
0.992768812,1.278354025,0.387755102,2.923076923,345,0
0.918055217,0.940067797,0.506666667,3.447619048,346,0
0.965316333,0.95719605,0.635796046,6.040322581,347,0
0.966396406,0.967430966,1.332222222,5.317514124,348,0
0.945641615,0.954138174,0.270833333,5.474637681,349,0
0,0,0.666666667,1.694444444,350,0
0.977250303,1.105622513,0.76446281,5.413319239,351,0
0.928670136,0.893450809,0.382222222,6.204597701,352,0
0.904503186,0.782862604,0.539930556,9.281028369,353,0
0.977653959,1.233661942,1.49,2.805263158,354,0
0.971644763,0.984468159,0.615933413,5.588669951,355,0
0.97764555,1.172950233,0.578231293,6.620209059,356,0
1,1.222392421,0.638888889,2.348484848,357,0
0.95781494,0.967910085,1.064471879,3.125356125,358,0
0.974245585,1.212461849,0.75900277,2.555555556,359,0
0.956052053,1.063643283,1.032136106,3.252964427,360,0
0.970117521,1.300548042,1.348691305,9.324356436,361,0
0.956454798,0.75816549,0.6304,6.23755102,362,0
0.97396931,0.944134034,1.011337868,2.70952381,363,0
0.948640017,0.896257291,0.402366864,5.393846154,364,0
0,0,1,1.571428571,365,0
0.964957998,0.914370971,0.510396975,5.04743083,366,0
0.866830971,0.886580145,0.358024691,2.77124183,367,0
0.957703574,0.895871903,0.603566529,5.47008547,368,0
0.926198807,0.826475975,0.37109375,6.300403226,369,0
0.971118147,0.998929506,1.576388889,4.478723404,370,0
0.961542085,1.124829595,0.924556213,6.65158371,371,0
0.992768812,1.278354025,0.355555556,3.276190476,372,0
0.931238275,0.799205259,0.357960458,6.950537634,373,0
0.956181711,1.359694155,1.940224,8.617290323,374,0
0.996549301,0.930688003,0.691358025,4.227920228,375,0
0.899065781,1.15457803,1.207612457,3.843137255,376,0
0.974100125,1.054252635,1.336704343,9.633242999,377,0
0.967467251,1.072101166,0.796875,3.786290323,378,0
0.933366322,1.034261021,0.930606282,4.641141141,379,0
0,0,0.1875,1.857142857,380,0
0.917736809,1.225148554,0.956521739,6.783887468,381,0
0.952729093,1.140502202,0.952380952,3.766666667,382,0
0.917612031,0.911674236,1.5625,4.401209677,383,0
0.944479517,0.861829767,0.359861592,7.342245989,384,0
0.866830971,0.924529132,0.9216,2.77,385,0
0.946182682,0.962796298,0.99691358,7.932316119,386,0
0.978005963,1.091183834,0.775047259,4.173913043,387,0
0.97679871,0.821276448,0.3264,5.263333333,388,0
0.92406679,1.054669653,0.714555766,4.541501976,389,0
1,1,0.688090737,3.833992095,390,0
0.95781494,0.967910085,1.138545953,3.03988604,391,0
0.983807385,0.969289607,1.293209877,5.076190476,392,0
0.966220127,1.215295507,0.668639053,4.476923077,393,0
0.972652467,1.017300286,0.585034014,4.157142857,394,0
0.972652467,1.017300286,0.44,4.2,395,0
0,0,1.06122449,1.380952381,396,0
0.972029461,1.243005895,0.881835938,5.713789683,397,0
0.976128851,0.943590904,0.711468225,10.53017401,398,0
0.978136678,0.95038929,0.974291612,9.358447489,399,0
0.944479517,0.861829767,0.429752066,7.034090909,400,0
0.904297917,0.828604229,0.557093426,6.272727273,401,0
0.91182225,0.834616684,0.382222222,6.220689655,402,0
0.916530086,1.120261976,1.980530016,3.440753045,403,0
0.957341519,1.373518572,1.566660057,7.982116244,404,0
0.928966647,1.104311254,1.571428571,4.824622532,405,0
0.991104627,1.053276263,0.1875,3.916666667,406,0
0.981189272,0.976256801,0.61358656,6.040540541,407,0
1,1.584962501,0.64,2.044444444,408,0
0,0,1.06122449,1.380952381,409,0
0.970059083,1.11049365,1.5,4.301587302,410,0
0.960093312,0.898768655,0.1875,7.324596774,411,0
0,0,0.489795918,1.285714286,412,0
0.960408526,0.954348607,0.5,5.050724638,413,0
0.899437626,0.88267412,0.325141777,4.936758893,414,0
0.919319398,1.119639746,0.59,3.568421053,415,0
1,0.736965594,0.395061728,1.861111111,416,0
1,1.584962501,0.595041322,2.4,417,0
0.993025965,0.976295538,1.395348837,3.668881506,418,0
0.893018811,0.788409021,0.3475,8.579487179,419,0
0.956550003,1.028915492,1.380165289,8.16091954,420,0
0.910543843,0.979018392,0.76,3.552631579,421,0
0.956140687,1.160174327,1.249433107,10.53499713,422,0
0.968573577,0.935191345,0.296296296,5.809116809,423,0
0.9546355,0.857572744,0.271760988,12.67913501,424,0
0.992768812,1.278354025,0.506666667,3.095238095,425,0
0.973449357,0.960810058,0.333333333,4.281045752,426,0
0.970528799,1.141734207,0.881835938,5.498015873,427,0
0.967689401,1.102601224,0.996378452,8.370853352,428,0
0.941937473,0.807020465,0.453648915,7.869095816,429,0
0.920747027,0.847307442,0.407202216,7.988620199,430,0
0.96985469,1.017846493,0.793617759,13.76367461,431,0
0.982513514,1.205340368,1.89859665,8.314115763,432,0
0.946154255,0.815345504,0.28531856,8.233285917,433,0
0.92731645,1.007228438,0.807256236,4.142857143,434,0
0.993237499,1.092258397,0.792213671,5.565217391,435,0
0.945005286,0.930716044,0.402366864,5.415384615,436,0
0.959051214,1.164535119,0.756510417,11.83684211,437,0
0.961669396,1.39821844,1.309342561,7.013165266,438,0
0.992768812,1.278354025,0.775510204,2.868131868,439,0
0.967245047,0.979172256,0.859375,6.679078014,440,0
0.979128978,1.126011214,0.824196597,5.017391304,441,0
0.997418624,1.149152368,0.388888889,2.848484848,442,0
0.984745174,1.200328897,0.559556787,3.631578947,443,0
0.964957998,0.914370971,0.298676749,5.059288538,444,0
1,1.321928095,0.44,2.222222222,445,0
0.978304234,1.006362719,0.625306122,6.810084034,446,0
0.960408526,0.954348607,0.520661157,4.943722944,447,0
0.98230745,0.94787047,0.298676749,5.375494071,448,0
1,1.584962501,0.429752066,2.509090909,449,0
0,0,0,1,450,0
0.920649934,0.94031095,0.57648283,5.378494624,451,0
0.976368368,0.858478253,0.577883472,5.327586207,452,0
0.866830971,0.799873647,1.115555556,3.503448276,453,0
0.970469567,1.148227702,1.048888889,3.68045977,454,0
0.992768812,1.278354025,0.382222222,3.161904762,455,0
0.959926653,0.908203206,0.559833507,6.464516129,456,0
0.987812817,1.137243801,0.828078525,6.426979825,457,0
0.960169411,0.884624249,0.385255648,6.150246305,458,0
0.94567699,0.988103231,1.120748299,9.885542169,459,0
0.974270398,1.258984797,1.896747405,7.176190476,460,0
0.951907889,1.019147215,1.16,4.698717949,461,0
0.983258656,0.919191697,0.680272109,3.152380952,462,0
0.969937345,1.161875343,0.930488889,7.993873874,463,0
0.952451313,1.122299038,1.138888889,3.898550725,464,0
0.969864509,0.878348932,0.417774251,14.67525151,465,0
0.862937724,1.218247539,2.7725,6.405379747,466,0
0.978549439,0.990200304,0.505306122,11.05507246,467,0
0.98106172,1.276025092,1.074293228,5.035087719,468,0
0.930684627,0.904172099,0.857142857,5.991596639,469,0
0.978229152,0.900490801,0.974580855,7.109634551,470,0
0.963803088,0.830432699,0.407596786,7.936936937,471,0
1,1.807354922,0.472222222,2.409090909,472,0
0.910543843,0.979018392,0.45,3.889473684,473,0
0.97030999,1.068871822,0.574669187,4.387351779,474,0
0.970995312,1.26196646,0.873950617,13.76623215,475,0
0.893602328,0.850840778,0.775064637,9.127995324,476,0
0.897308952,0.898329241,0.694214876,3.835497835,477,0
0.979765991,1.120242087,0.936288089,3.18128655,478,0
0.987952618,0.999971817,0.712802768,5.267379679,479,0
0.982726747,1.143031652,1.291914388,11.7053973,480,0
0.95682808,0.958057211,0.809917355,7.76744186,481,0
1,1,0.5,2.433333333,482,0
0.970528303,1.00782129,0.869806094,6.039829303,483,0
0.9685071,1.16454744,0.679669421,7.983838384,484,0
0.992172963,1.125204699,1.209876543,3.028490028,485,0
0.99508413,1.449570098,1.176470588,3.154411765,486,0
0.960039957,1.300607473,1.503590922,4.977790766,487,0
0.981243441,1.179169715,0.915084003,9.943831587,488,0
0.9759561,1.074542836,0.741496599,9.10929432,489,0
0.859002613,1.036819949,0.542534206,6.282926829,490,0
0.972164593,1.285196842,1.143413526,9.719255267,491,0
0.99456473,1.09380106,0.8656,5.924897959,492,0
0.939137703,1.090617993,2.123678786,7.132450331,493,0
0.898499691,0.822668638,0.306666667,6.618390805,494,0
0.866830971,0.978799907,0.943310658,3.004761905,495,0
0.897308952,0.898329241,0.943310658,3.271428571,496,0
0.939256735,0.818186181,0.617283951,5.353276353,497,0
0.939256735,0.818186181,0.617283951,5.353276353,498,0
0.967684054,1.029591579,0.620158267,13.80749001,499,0
0.986291363,0.829304952,0.389399676,8.563676633,500,0
0.97030999,1.068871822,0.400756144,4.565217391,501,0
0.9744813,1.130001668,1.009375,9.23164557,502,0
0.971749519,1.133609509,0.822222222,4.949425287,503,0
0.983941506,0.956851729,1.443786982,4.840874811,504,0
0,0,0.691358025,1.805555556,505,0
0.932268851,0.742518914,0.338842975,4.744588745,506,0
0.980171607,1.141505135,0.816326531,5.520779221,507,0
0.96559197,1.037010748,0.77734375,4.8125,508,0
0.953039548,1.138433595,0.865013774,6.83030303,509,0
0.992860167,1.138766145,1.111111111,6.440950384,510,0
0.976435787,0.982614901,0.578449905,4.339920949,511,0
0.77629868,0.718757291,0.375,3.433333333,512,0
0,0,0.888888889,1.266666667,513,0
0.953245478,0.913090226,0.381344307,5.635327635,514,0
0.969485606,0.914068703,0.348765432,7.723809524,515,0
0,0,0.5,1.714285714,516,0
0.961186143,0.965231972,0.382222222,6.503448276,517,0
0.965712425,0.913879944,0.473922902,8.62253194,518,0
0.967936576,1.084964408,0.717451524,5.642958748,519,0
0.990898958,0.980694559,0.969135802,5.111111111,520,0
0.77629868,0.882278163,0.359375,3.383333333,521,0
0.93698055,1.108266783,1.188208617,4.31475029,522,0
0.96293519,0.828543383,0.340136054,4.476190476,523,0
0.955484598,1.080388829,1.0375,5.216666667,524,0
0.977060659,0.935680855,0.354570637,4.204678363,525,0
0.896359757,1.265133604,0.96,3.205263158,526,0
0.933744753,1.095101227,0.876033058,3.454545455,527,0
0.907817527,1.103588668,0.625,3.633333333,528,0
0.992768812,1.278354025,0.244897959,3.120879121,529,0
0.910445194,1.106647657,0.986317668,4.495121951,530,0
0.880475363,1.074788382,0.50780437,5.180645161,531,0
0.95854474,0.796863102,0.346016647,11.55111918,532,0
0.997585166,1.177932948,1.4375,3.507246377,533,0
0.965583127,1.101526369,0.638888889,4.376811594,534,0
0.997940072,1.221191353,0.358024691,3.941176471,535,0
0.870990577,0.886931521,0.326388889,5.22826087,536,0
0.983988488,0.986463981,2.208313696,10.84941938,537,0
0.847538052,0.777313709,0.44,4.131578947,538,0
0.951059719,0.861848828,0.207612457,4.191176471,539,0
0.919319398,1.119639746,0.444444444,3.490196078,540,0
0.932002209,0.900334347,1.05859375,4.75,541,0
0,0,0.888888889,1.266666667,542,0
0.970080759,1.061463931,1.058263971,4.313974592,543,0
0.973123104,1.186342064,1.275510204,3.904761905,544,0
0.992768812,1.278354025,0.244897959,3.175824176,545,0
0.906935758,0.854794149,0.537804076,7.75708502,546,0
0,0,0.8,1.755555556,547,0
0.919083729,0.851197258,0.32231405,4.467532468,548,0
0.921893787,0.912377601,0.325443787,5.556923077,549,0
1,1.584962501,0.512396694,2.109090909,550,0
0.980716924,0.872819511,0.621671258,11.75710956,551,0
0.96184943,1.138987012,1.039930556,5.350177305,552,0
0.97620661,1.111324134,1.373263889,7.287975913,553,0
0.914628884,1.014824957,0.805555556,4.637681159,554,0
0.957520585,1.021132288,1.085068412,6.162195122,555,0
0.963398999,0.949880773,0.298676749,5.276679842,556,0
0.984745174,1.200328897,0.842105263,3.514619883,557,0
0.987949554,1.392317964,0.75,3.325,558,0
0.937385126,1.152050771,0.816608997,5.56684492,559,0
0.985041081,1.077496334,0.782222222,4.574712644,560,0
0.914508069,1.044292968,0.416666667,4.025362319,561,0
0.896359757,1.265133604,0.64,3.378947368,562,0
0.77629868,0.882278163,0.823529412,3.375,563,0
0.963127643,1.003086259,0.542534206,11.1065944,564,0
0.988480166,1.130485052,0.532871972,3.419117647,565,0
0.954890486,1.041138599,0.760525124,6.016651249,566,0
0.950300739,0.957024147,0.911564626,4.268115942,567,0
0.912827796,1.026379879,0.382222222,3.438095238,568,0
0.97109069,1.266627303,1.602430556,7.035087719,569,0
0.948655543,0.927069306,0.575255102,10.29155844,570,0
0.96687311,0.969144096,0.373333333,6.731034483,571,0
1,1.222392421,0.769230769,2.333333333,572,0
0.944821142,0.924295877,0.193905817,4.567251462,573,0
0.987620075,0.989075085,0.763085399,8.981351981,574,0
0,0,1.06122449,1.380952381,575,0
0.924894579,0.820360551,0.416666667,5.148550725,576,0
0.973702991,1.111886831,0.993841324,7.318192918,577,0
0.937633679,0.942380838,0.488888889,5.629885057,578,0
0.9817351,1.226461322,1.066037299,9.222812413,579,0
0.997585166,1.177932948,0.691358025,3.461538462,580,0
0.971398908,1.187649589,0.8136,9.687474747,581,0
0.954129019,1.083792658,1.16,4.163218391,582,0
1,2,1,2.549450549,583,0
0.94834202,1.21458353,1.022222222,4.434482759,584,0
0.964242499,1.120193003,1.089329472,11.22129952,585,0
0.979697036,1.122012568,1.103806228,4.37254902,586,0
0.977475106,1.033905286,0.842469136,8.771535581,587,0
0.954838241,0.896346344,0.430241052,8.618289522,588,0
0.949035318,0.950892157,0.375,6.705645161,589,0
0.866830971,1.062989953,0.609375,3,590,0
0.958398305,1.221310505,0.743801653,3.753246753,591,0
0.866830971,1.257153932,1.46,3.394736842,592,0
0.998331315,1.225227145,0.863905325,3.775384615,593,0
0.962684985,1.105771415,1.5904,2.883333333,594,0
0.989945644,1.136639366,0.957612457,7.614574188,595,0
0.945641615,0.954138174,0.325141777,5.118577075,596,0
0.963288533,1.09826611,0.75,3.858730159,597,0
0.95393795,1.132190557,0.8275,6.074358974,598,0
0.960927998,1.044985588,0.971462545,7.365396249,599,0
0.952072583,1.197164843,1.34026465,6.149758454,600,0
0.997418624,1.149152368,0.402366864,2.846153846,601,0
0.962856047,1.294268782,1.212077225,8.498383779,602,0
0.930049308,0.955656901,0.43537415,4.414285714,603,0
0.912827796,1.026379879,0.484375,3.658333333,604,0
0.900217896,1.180000682,0.795224977,4.424242424,605,0
0,0,1.102040816,1.428571429,606,0
0.981422216,0.987848106,0.423440454,4.95256917,607,0
0.988766881,1.090639817,0.827586207,6.302480339,608,0
0.958870395,1.406978175,1.391147041,9.380154933,609,0
0.992768812,1.278354025,0.382222222,3.219047619,610,0
0.979449266,1.130204062,1.607806343,7.8573453,611,0
0.951388831,0.868181782,0.358347107,11.33063973,612,0
0.866830971,0.949026014,0.204081633,3.230769231,613,0
0.953479588,0.858036637,0.278081011,12.6440678,614,0
0.887456698,0.890659721,0.506666667,5.859770115,615,0
0.977599105,1.335345571,1.755933627,4.862745098,616,0
1,1.321928095,1.121107266,2.669117647,617,0
0.953090289,1.234600583,1.021092482,5.96234773,618,0
0.964957998,0.914370971,0.338842975,4.961038961,619,0
0.960279191,0.85741334,0.311979316,13.02746932,620,0
0.944884899,1.37368411,1.592592593,8.645732689,621,0
0.988480166,1.130485052,0.698961938,3.477941176,622,0
0.942603514,0.804341759,0.437044745,7.120430108,623,0
0.962221777,1.174528449,0.867674858,5.162318841,624,0
0.984745174,1.200328897,0.55,3.931578947,625,0
0.977528816,1.155402877,0.880221607,9.581858903,626,0
0.96293519,0.828543383,0.41,4.042105263,627,0
0.982380271,1.124892358,1.033530572,4.94197031,628,0
0.97030999,1.068871822,0.459833795,4.222222222,629,0
0.964018468,1.038897536,1.472042771,6.007688829,630,0
0.996599716,0.886764299,1.147928994,4.406153846,631,0
0.921347355,0.839559596,0.578563996,6.187096774,632,0
0.972795736,0.780413325,0.35,12.44519774,633,0
0.984189805,1.019013815,2.198224852,5.144042232,634,0
0.973837278,1.024651183,0.587105624,4.786324786,635,0
0.987949554,1.392317964,0.346938776,3.32967033,636,0
1,1.584962501,0.44,2.2,637,0
0.988480166,1.130485052,0.45,4.047368421,638,0
0.963506039,1.059966434,1.454389575,7.924714434,639,0
0.970007017,1.055034457,0.839988509,7.739333723,640,0
0.989043105,1.347625881,0.950617284,3.274509804,641,0
0.973837278,1.024651183,1.071005917,4.932307692,642,0
0.969917462,1.264454082,0.907727797,8.936323044,643,0
0.955912608,1.251045606,1.578113164,7.243335291,644,0
0.940070807,0.623493818,1.5,5.144444444,645,0
0.964957998,0.914370971,0.326388889,4.920289855,646,0
0.960722088,0.863796736,0.1875,5.637681159,647,0
0.95506224,1.32754128,0.935510204,5.118426501,648,0
0,0,0.959183673,1.857142857,649,0
0.97737242,0.948447001,0.443288241,6.866666667,650,0
0.969798316,0.769591395,0.705515088,6.148387097,651,0
0.988030364,0.983631997,0.87654321,2.745098039,652,0
0.969602465,0.852566696,0.539639882,11.59617486,653,0
0.972371193,0.769654865,0.706666667,4.63908046,654,0
0.935257239,1.041957696,1.187065972,10.58596491,655,0
0.980357717,0.913392463,0.316290131,18.06041165,656,0
0.918192152,0.909174547,0.358024691,3.91503268,657,0
0.979519076,1.043742619,0.338842975,4.532467532,658,0
0.98960278,1.239949409,1.030612245,8.714143142,659,0
0.99999956,1.261986023,1.028355388,3.197628458,660,0
1,1.415037499,0.520710059,2.512820513,661,0
0.955070931,0.925033759,0.663061114,7.864894795,662,0
0.966444203,1.103798899,0.8125,4.467741935,663,1
1,1.584962501,0.776859504,2.181818182,664,1
0.969346758,1.212406306,1.805914202,8.538607195,665,1
0.946444071,0.83778811,0.875,3.209677419,666,1
1,1.584962501,0.44,2.088888889,667,1
0.985959899,1.029761493,1.075962539,4.815053763,668,1
0.992768812,1.278354025,0.408163265,2.648351648,669,1
0.997418624,1.149152368,0.177514793,3.230769231,670,1
0.997418624,1.149152368,0.544378698,2.948717949,671,1
0.912827796,1.026379879,0.484375,3.725,672,1
0.927590814,1.096564078,0.972222222,3.619565217,673,1
1,1.321928095,0.64,2.044444444,674,1
0.912613216,0.955307917,1.444444444,3.026143791,675,1
0,0,0.888888889,1.266666667,676,1
0.931634995,0.899166674,0.31,4.394736842,677,1
0,0,0.24,1.1,678,1
1,0.415037499,1,2.178571429,679,1
0.982060282,0.881464974,1.175701531,8.178088803,680,1
1,1.584962501,0.727272727,2.018181818,681,1
0,0,0.888888889,1.266666667,682,1
0.898139476,1.018779762,0.562130178,4.261538462,683,1
0.951738453,1.038805486,0.6,4.243678161,684,1
0.992768812,1.278354025,0.387755102,3.142857143,685,1
0.981211947,0.764192109,1.912296945,7.189432552,686,1
0,0,1.283950617,1.694444444,687,1
0.944757612,1.057252134,1.111111111,2.764705882,688,1
0.910543843,0.979018392,0.444444444,4.032679739,689,1
0.928676224,0.987853536,0.751714678,5.307692308,690,1
0.938346474,0.980786104,0.45,4.278947368,691,1
0,0,0.6875,1.678571429,692,1
0.993721788,1.151347508,0.469135802,4,693,1
0.964970865,1.168575043,0.66322314,4.882663848,694,1
0.866830971,0.819824357,0.204081633,3.230769231,695,1
1,0.584962501,0.885813149,2.551470588,696,1
0.97396931,0.944134034,1.047619048,2.795238095,697,1
0.989178267,1.005868058,0.725761773,5.583214794,698,1
1,1,0.84,3.2,699,1
0,0,0,1,700,1
0.966691079,0.925462141,0.46,7.307692308,701,1
0.930457164,0.943169993,1.762788592,7.057971014,702,1
0.957640795,1.053769832,0.716981132,7.912191582,703,1
0.997418624,1.149152368,0.390532544,2.871794872,704,1
0,0,1.142857143,1.333333333,705,1
0,0,0.888888889,1.266666667,706,1
1,1.584962501,0.64,1.755555556,707,1
0.957815618,0.97169788,0.603566529,5.658119658,708,1
1,1.321928095,0.44,2.177777778,709,1
0,0,0.691358025,1.805555556,710,1
0,0,0.24,1.1,711,1
1,1.584962501,0.966942149,2.090909091,712,1
1,1.222392421,0.805555556,2.348484848,713,1
0.981614309,1.0800165,0.936170213,6.445883441,714,1
1,1.584962501,0.41322314,2.327272727,715,1
0.970651374,1.215651143,1.188208617,5.370499419,716,1
1,1.321928095,0.44,2.222222222,717,1
0,0,1.4,1.622222222,718,1
1,1,1.324263039,2.771428571,719,1
1,1,0.64,1.977777778,720,1
0.910543843,0.979018392,0.444444444,4.032679739,721,1
0.977653959,1.233661942,0.773333333,3.133333333,722,1
0.997418624,1.149152368,0.236686391,2.846153846,723,1
0.94318198,1.136836727,0.528888889,7.907909605,724,1
0.973594687,1.06895928,1.127900059,3.657317073,725,1
0,0,0.24,1.1,726,1
0.992768812,1.278354025,0.995555556,2.838095238,727,1
0.903918909,0.972587112,0.3125,3.933333333,728,1
0,0,0.617283951,1.75,729,1
0.719487074,0.576507374,1.305555556,3.166666667,730,1
0,0,0.5,1.714285714,731,1
1,1.222392421,0.416666667,2.560606061,732,1
0,0,0.888888889,1.266666667,733,1
0.964327654,1.134854465,1.127423823,5.634423898,734,1
0.981422216,0.987848106,0.4,5.196666667,735,1
1,1.169925001,1.387755102,2.32967033,736,1
1,1,0.388888889,2.439393939,737,1
0.857670285,0.907443175,1.257142857,5.771428571,738,1
0.931090533,0.68818302,2.074829932,4.337979094,739,1
0.746525899,1.288649695,1.305555556,3.184782609,740,1
0.984348053,0.963937732,0.316290131,6.044334975,741,1
0,0,0,2,742,1
0,0,0.888888889,1.266666667,743,1
0.991104627,1.053276263,0.359375,3.841666667,744,1
1,1.263034406,2.545454545,2.229437229,745,1
0.966904247,1.221556492,1.739130435,4.612560386,746,1
0,0,0.25,1.166666667,747,1
0,0,0.76,1.866666667,748,1
0.961745436,0.983157167,0.653739612,4.507823613,749,1
0.866830971,0.949026014,0.328888889,3.066666667,750,1
0,0,0,1,751,1
1,1.584962501,1.090909091,1.836363636,752,1
0.992768812,1.278354025,0.595555556,2.866666667,753,1
0.992768812,1.278354025,0.875,2.475,754,1
1,1.222392421,0.74556213,2.448717949,755,1
0.991104627,1.053276263,0.359375,3.666666667,756,1
0.977411365,0.734567671,0.717773438,3.142857143,757,1
0.957225076,0.921714871,2.236938776,6.527406242,758,1
1,1.584962501,0.958677686,1.963636364,759,1
0.977497435,1.18653402,1.463822222,10.35024609,760,1
0.9557341,0.987928995,0.69165023,7.67071525,761,1
0.866830971,0.772616206,1.996326905,3.077651515,762,1
0,0,0.666666667,1.2,763,1
1,1.807354922,0.923076923,2.333333333,764,1
0,0,1.56,1.577777778,765,1
0.99746488,0.886036061,1.313799622,3.363218391,766,1
1,1.321928095,0.44,2.222222222,767,1
1,1.807354922,0.74556213,1.884615385,768,1
0.966092191,0.841162033,0.367550942,10.13882353,769,1
0.977653959,1.233661942,0.862222222,3.085714286,770,1
0.913796333,1.049795901,0.675871137,3.6,771,1
1,0.874469118,2.900826446,2.463203463,772,1
0.968331658,1.047134544,0.504132231,4.588744589,773,1
1,1.321928095,0.64,2.155555556,774,1
0.905344566,0.930852774,0.504801097,5.401709402,775,1
0.992768812,1.278354025,0.382222222,3.219047619,776,1
0.979519076,1.043742619,1.222222222,4.054347826,777,1
1,0.807354922,0.805555556,2.363636364,778,1
0,0,1.061728395,1.638888889,779,1
0.969083426,0.956418149,0.853305785,5.178646934,780,1
0.932098921,1.032357641,0.561983471,4.225108225,781,1
0.979216824,0.944159616,0.550964187,6.950757576,782,1
0.992920469,0.904333931,0.462222222,2.980952381,783,1
0,0,0.691358025,1.805555556,784,1
0.954785096,1.050100665,0.619377163,4.623885918,785,1
0,0,1.04,1.622222222,786,1
0.91546728,0.786760484,0.56,3.647368421,787,1
0.977881492,1.212016765,1.289940828,4.018461538,788,1
0,0,0.617283951,1.75,789,1
0.978835087,0.890592652,0.495621302,6.975044563,790,1
0,0,0.5,1.714285714,791,1
0.998665197,0.936237565,0.761904762,3.633333333,792,1
0.987842487,0.807988628,1.196195006,4.162561576,793,1
0.99999956,1.261986023,0.694214876,3.134199134,794,1
1,1.222392421,0.419659735,2.333333333,795,1
0.991104627,1.053276263,0.602076125,3.441176471,796,1
0,0,1,1.5,797,1
0,0,1.621301775,1.730769231,798,1
0.874307942,1.256136278,0.775147929,4.313846154,799,1
0.95870728,0.900340025,0.679506173,5.807070707,800,1
0.960884999,0.976562634,0.537804076,6.587044534,801,1
0.975083052,1.092649524,1.023668639,6.680995475,802,1
0.94965333,0.85850039,0.4096,4.826666667,803,1
0.961650284,0.871867923,0.68244898,5.764705882,804,1
1,1.321928095,0.44,2.088888889,805,1
1,0.584962501,0.583333333,2.287878788,806,1
0,0,0.888888889,1.266666667,807,1
1,1,1.56122449,2.724867725,808,1
0.866830971,1.062989953,0.671875,3.216666667,809,1
1,1.415037499,0.556213018,2.461538462,810,1
0.938748816,1.640437288,2.743055556,2.884057971,811,1
0.960718245,0.916045528,1.222222222,3.601449275,812,1
0.963077579,0.90935161,0.66122449,4.484033613,813,1
1,1.584962501,0.512396694,2.109090909,814,1
0,0,1.555555556,1.611111111,815,1
1,1.321928095,0.75900277,2.660818713,816,1
1,1.584962501,1.9375,2.216666667,817,1
1,0.847996907,2,2.220588235,818,1
0.77629868,0.863725129,0.909090909,3.636363636,819,1
1,1.584962501,0.76,1.933333333,820,1
0.953302927,1.016926716,0.916099773,3.642857143,821,1
0.981445926,1.108041235,1.001189061,4.389162562,822,1
0.999254899,1.177795976,1.11,2.631578947,823,1
0,0,1.06122449,1.380952381,824,1
0.988030364,0.983631997,0.50617284,3.124183007,825,1
0.987949554,1.392317964,0.906666667,3.228571429,826,1
0.866830971,0.784635928,0.366782007,3.375,827,1
0.977916774,1.345279804,1.431701972,4.967419474,828,1
1,1.222392421,0.627599244,2.448717949,829,1
0,0,0.555555556,1.266666667,830,1
1,1.584962501,0.512396694,2.109090909,831,1
0.990552116,0.916601723,1.333877551,5.32505176,832,1
0.975909188,1.238237221,0.95,3.394736842,833,1
0,0,0.24,1.1,834,1
0.981922721,0.934611978,0.518737673,10.92074592,835,1
0.992920469,0.904333931,0.595555556,3.057142857,836,1
0.970932957,1.015217705,0.56122449,4.854497354,837,1
0.946243207,1.327817999,1.262465655,9.306729548,838,1
0.980266976,1.04629071,0.807256236,5.176651306,839,1
0.977653959,1.233661942,1.168241966,2.723320158,840,1
0.970304844,0.946355488,0.913580247,4.068376068,841,1
0.99508413,1.449570098,0.5,3.254901961,842,1
0.962636422,1.021840411,0.419686317,6.698198198,843,1
0.951542973,0.883262839,0.686390533,8.882352941,844,1
0.968572545,1.186136025,1.262222222,3.689655172,845,1
0,0,0.75,1.5,846,1
0.979519076,1.043742619,0.601134216,3.95256917,847,1
0.983258656,0.919191697,0.41,3.878947368,848,1
0,0,0.24,1.1,849,1
0.99999956,1.261986023,1.21,2.589473684,850,1
0,0,0.6875,1.607142857,851,1
0.951192409,0.921312228,0.756657484,5.933712121,852,1
0.992768812,1.278354025,0.5625,3.15,853,1
0.977653959,1.233661942,0.632653061,2.615384615,854,1
0.966001507,1.375067486,1.391304348,3.462450593,855,1
1,1.584962501,0.429752066,2.509090909,856,1
0.950529924,0.915593595,1.223922902,5.864027539,857,1
0,0,1.06122449,1.380952381,858,1
0.998900172,0.775132274,0.632653061,2.956043956,859,1
0.992768812,1.278354025,0.906666667,2.904761905,860,1
1,1.321928095,0.44,2.222222222,861,1
0.976347058,1.376696385,1.923469388,3.234415584,862,1
0.935224602,1.351235466,1.493814314,7.119915849,863,1
0.992579368,1.085566321,0.3125,4.389112903,864,1
1,1.584962501,0.429752066,2.509090909,865,1
0,0,0.6875,1.607142857,866,1
0,0,0.888888889,1.266666667,867,1
0,0,1.638888889,1.893939394,868,1
0.911745778,0.967383742,0.722222222,4.586956522,869,1
1,1.807354922,2.166666667,1.984848485,870,1
0.825230987,1.043634746,0.555555556,4.452898551,871,1
0.963684561,1.205744856,0.830449827,5.049910873,872,1
0.959697278,1.204264638,0.652892562,3.333333333,873,1
0.923811949,0.920366765,0.752834467,3.40952381,874,1
1,1.321928095,0.775510204,2.285714286,875,1
0,0,1.75,1.428571429,876,1
0.962216477,0.862972112,0.46366782,6.921568627,877,1
0.981035216,0.695440179,2.848484848,5.002331002,878,1
0,0,0.96,1.3,879,1
0.912827796,1.026379879,0.532871972,3.397058824,880,1
0,0,0.5,1.714285714,881,1
0.866830971,0.924529132,1.3696,2.953333333,882,1
0.988480166,1.130485052,0.359861592,3.529411765,883,1
0.990476195,1.135217455,0.732461356,4.644283122,884,1
0.959414812,0.850524423,0.836734694,5.455026455,885,1
0.907112349,0.924474457,2.383742911,4.353623188,886,1
0.967666331,1.27996626,0.9375,3.952898551,887,1
0.892644604,1.19899607,0.373333333,2.695238095,888,1
1,1.321928095,0.222222222,2.138888889,889,1
0,0,0.24,1.1,890,1
0.952729093,1.140502202,0.489795918,3.633333333,891,1
0,0,0.6875,1.607142857,892,1
1,1.807354922,0.638888889,2.136363636,893,1
1,1.321928095,0.337950139,2.222222222,894,1
0,0,0.24,1.1,895,1
0,0,0.9375,1.571428571,896,1
0.981422216,0.987848106,0.388888889,5.25,897,1
0.984306107,0.901190877,1.026465028,7.475362319,898,1
0,0,0.96,1.644444444,899,1
0,0,1.421487603,1.8,900,1
0.979765991,1.120242087,1.717451524,2.847953216,901,1
0.97030999,1.068871822,0.51,4.289473684,902,1
0.919319398,1.119639746,0.6,3.378947368,903,1
1,1.584962501,0.429752066,2.454545455,904,1
0,0,0.96,1.755555556,905,1
0,0,0,1,906,1
0.930049308,0.955656901,0.454293629,4.140350877,907,1
0.940534652,0.887904901,0.633608815,5.535984848,908,1
0.978595576,0.677902113,1.918834547,4.531464833,909,1
0,0,0.5,1.714285714,910,1
0.942975341,0.888000565,0.44,7.63974359,911,1
1,1,0.222222222,2.757575758,912,1
0,0,0.839506173,1.75,913,1
0.926043495,0.927360151,0.8999644,8.263425254,914,1
1,1.137503524,2.045351474,2.119047619,915,1
0.988480166,1.130485052,0.56,3.942105263,916,1
0.999331764,1.223279552,1.422222222,3.68989899,917,1
0.997418624,1.149152368,0.556213018,2.846153846,918,1
0.960830923,1.038679422,0.6496,8.113469388,919,1
0,0,0.888888889,1.266666667,920,1
1,1.807354922,1.138888889,2.03030303,921,1
1,1.807354922,0.722222222,2.409090909,922,1
0.995788669,1.338644957,1.117283951,4.106349206,923,1
0.946412977,0.955089984,1.015608741,5.034408602,924,1
0.923235198,0.784434809,0.820069204,5.95543672,925,1
0,0,0.6875,1.607142857,926,1
1,0.736965594,0.48199446,2.49122807,927,1
0,0,0.876033058,1.709090909,928,1
0,0,0.5,1.714285714,929,1
0,0,1.142857143,1.333333333,930,1
0.892644604,1.19899607,1.844990548,2.974358974,931,1
0.992768812,1.278354025,0.632653061,2.802197802,932,1
0,0,0.862222222,1.464285714,933,1
0.961768589,1.193651651,0.982167353,3.270655271,934,1
0,0,0.24,1.1,935,1
0.984845827,1.214389827,1.452806122,5.37987013,936,1
1,1.584962501,0.41322314,2.381818182,937,1
1,1,0.69,2.794736842,938,1
0,0,0.5,1.714285714,939,1
1,1.321928095,0.222222222,2.138888889,940,1
0.97030999,1.068871822,0.834710744,4.212121212,941,1
0,0,1.06122449,1.380952381,942,1
0.779021777,1.051306567,2.4275,3.743589744,943,1
1,1.321928095,0.24,2.422222222,944,1
0.954306996,0.789257566,0.358024691,10.95597484,945,1
0.974215773,0.938611884,0.611111111,9.419405321,946,1
0.942314559,0.893093171,1.582222222,3.47816092,947,1
0.992768812,1.278354025,0.489795918,2.758241758,948,1
0,0,0,1,949,1
0,0,0.4375,1.535714286,950,1
1,0.807354922,0.305555556,2.166666667,951,1
0.958717906,0.920720897,0.313609467,5.932307692,952,1
0.993721788,1.151347508,0.691358025,4,953,1
0.966438226,0.954479557,0.381344307,5.49002849,954,1
0.922526602,0.929610649,0.984691358,5.247474747,955,1
0,0,0.691358025,1.805555556,956,1
0.944821142,0.924295877,0.34,4.294736842,957,1
0,0,1.102040816,1.428571429,958,1
0,0,0,1,959,1
1,1.584962501,0.24,2.422222222,960,1
0.790231896,1.170671989,1.155555556,2.676190476,961,1
0,0,1.36,1.777777778,962,1
0.91591888,1.058748661,0.698224852,4.704615385,963,1
0,0,0.24,1.1,964,1
0.990985752,0.96696418,0.375,3.566666667,965,1
0.957595809,1.305916296,0.970273484,3.371921182,966,1
0.938346474,0.980786104,0.45,4.294736842,967,1
0.977210273,0.963123176,0.555555556,3.898550725,968,1
0,0,0.666666667,1.2,969,1
0,0,0.691358025,1.805555556,970,1
0.988480166,1.130485052,0.469135802,3.921568627,971,1
0,0,0.888888889,1.266666667,972,1
1,1.321928095,0.222222222,2.138888889,973,1
1,1.321928095,0.56,1.955555556,974,1
0,0,0.24,1.1,975,1
0,0,0.888888889,1.266666667,976,1
1,1.321928095,0.16,2.155555556,977,1
0.959474462,0.894162778,0.601108033,7.578947368,978,1
0.992169405,1.02240219,0.83984375,4.060483871,979,1
0,0,1.06122449,1.380952381,980,1
1,1.169925001,0.955017301,2.654411765,981,1
0.989043105,1.347625881,0.698961938,3.029411765,982,1
0,0,0,1,983,1
1,1.415037499,1.048888889,2.40952381,984,1
0.864683557,1.707199678,6.813965256,3.839712919,985,1
1,1,0.6875,2.441666667,986,1
0.966505872,1.304492319,2.122473246,4.614035088,987,1
0.979204357,0.957773273,1.478395062,3.804761905,988,1
1,0.736965594,1.44,2.362573099,989,1
0.981285127,1.01464896,0.808510638,7.484736355,990,1
0.99050574,1.073576878,1.035916824,3.996047431,991,1
1,1.584962501,1.32231405,2.036363636,992,1
0.873347407,0.768447202,0.933333333,7.386323787,993,1
0.866830971,0.819824357,0.551020408,2.582417582,994,1
0,0,0.691358025,1.805555556,995,1
0.872412316,0.83692467,0.355371901,3.632034632,996,1
0,0,0.617283951,1.75,997,1
0.997418624,1.149152368,0.416666667,2.742424242,998,1
0.992768812,1.278354025,0.64,2.923809524,999,1
0,0,0.24,1.1,1000,1
0.9505879,0.8302849,0.469135802,5.413105413,1001,1
0,0,0.24,1.1,1002,1
0.994788994,1.057831075,1.1775,5.144871795,1003,1
0.966423107,0.98668385,0.4576,4.593333333,1004,1
0.97478604,1.116665252,1.213243147,4.392597968,1005,1
0.944592963,0.871225068,0.694214876,9.736026936,1006,1
0.997418624,1.149152368,0.387755102,2.934065934,1007,1
0.777642182,1.074073031,2.139119729,3.81254902,1008,1
0.987949554,1.392317964,0.666666667,2.79047619,1009,1
0.888329427,1.03995416,0.9536,4.1,1010,1
1,1.584962501,0.809917355,2.054545455,1011,1
0,0,0.24,1.1,1012,1
0,0,0.888888889,1.266666667,1013,1
0,0,0.888888889,1.266666667,1014,1
0.979519076,1.043742619,0.561983471,4.294372294,1015,1
0.93861141,1.064207977,1.071005917,3.818461538,1016,1
0.982463863,0.972147435,0.944375,11.19778481,1017,1
0.983299527,0.741441544,1.111111111,3.387301587,1018,1
1,1.584962501,0.429752066,2.509090909,1019,1
0.990279568,1.073205034,0.9275,3.916666667,1020,1
0.997418624,1.149152368,0.544378698,2.948717949,1021,1
0,0,0.24,1.1,1022,1
0.990985752,0.96696418,0.1875,3.616666667,1023,1
0.94369329,1.380362177,1.258765432,6.697627965,1024,1
0,0,0.617283951,1.75,1025,1
0.972090658,0.950179728,0.722222222,4.202898551,1026,1
0.944291124,0.593163763,2.019036288,3.654878049,1027,1
0.936831969,1.092180448,0.719723183,4.946524064,1028,1
0.992768812,1.278354025,0.551020408,2.769230769,1029,1
0,0,1.06122449,1.380952381,1030,1
1,1.584962501,2.062283737,2.220588235,1031,1
1,1,1.462603878,2.333333333,1032,1
0,0,0.64,1.6,1033,1
0.941141466,1.128388327,0.678200692,4.714795009,1034,1
0.961451745,0.966621084,1.418367347,6.07987013,1035,1
0.991692087,1.190166304,0.75,4.043478261,1036,1
0.967074451,0.85914318,0.189164371,8.123106061,1037,1
0.979763943,0.877779181,0.792387543,6.085561497,1038,1
0.866830971,0.978799907,0.71,2.873684211,1039,1
0,0,0.24,1.1,1040,1
0,0,0,1,1041,1
0,0,0.6875,1.607142857,1042,1
0.984745174,1.200328897,0.469135802,4.019607843,1043,1
0,0,0,1,1044,1
0.955926544,1.104460285,0.236686391,3.115384615,1045,1
0,0,0,1,1046,1
0.913796333,1.049795901,0.555555556,3.464052288,1047,1
1,1.807354922,0.512396694,2.2,1048,1
0.938613557,0.964309016,0.561983471,3.813852814,1049,1
1,1.807354922,0.722222222,2.5,1050,1
0.94090863,1.167733516,1.234375,4.175403226,1051,1
0.747010671,0.478373099,1.21,3.421052632,1052,1
0.946410976,0.528804678,0.859375,3.325,1053,1
0,0,0.24,1.1,1054,1
0,0,0.888888889,1.266666667,1055,1
1,1.321928095,0.24,2.422222222,1056,1
0,0,0.888888889,1.266666667,1057,1
0,0,0.888888889,1.266666667,1058,1
0.889293573,0.792247561,0.326388889,5.289855072,1059,1
0.890890599,0.882291751,0.409722222,5.18115942,1060,1
0,0,1.06122449,1.380952381,1061,1
1,0.736965594,0.543209877,2.470588235,1062,1
0.979765991,1.120242087,1.003460208,3.125,1063,1
0,0,1,1.571428571,1064,1
0.787890403,1.037421343,1.24609375,5.923115079,1065,1
0.992768812,1.278354025,0.775510204,2.824175824,1066,1
0,0,0.691358025,1.805555556,1067,1
1,1.584962501,0.595041322,2.163636364,1068,1
0,0,0.5,1.714285714,1069,1
0.929976653,1.325415678,2.613406795,3.895833333,1070,1
0.989232069,0.749970055,0.532871972,2.705882353,1071,1
0.966558971,1.29582039,1.833333333,6.298245614,1072,1
1,1.415037499,1,2.285714286,1073,1
0.866830971,0.670671989,0.359375,2.95,1074,1
0.971809564,0.94858696,2.527006173,4.624021909,1075,1
0.964957998,0.914370971,0.520661157,4.939393939,1076,1
0,0,0.888888889,1.266666667,1077,1
0,0,0.888888889,1.266666667,1078,1
0,0,3,1.428571429,1079,1
0.992768812,1.278354025,0.773333333,2.828571429,1080,1
0,0,1.102040816,1.428571429,1081,1
1,1.222392421,0.918367347,2.131868132,1082,1
0.967189504,1.116313037,1.668639053,3.966153846,1083,1
0,0,0.1875,1.821428571,1084,1
0.954126064,0.92573317,0.323731139,5.643874644,1085,1
0.875562807,0.924155464,0.326388889,5.268115942,1086,1
1,1.222392421,0.520710059,2.512820513,1087,1
0,0,0,1,1088,1
0.938379452,0.861247107,0.349030471,8.348506401,1089,1
0.97030999,1.068871822,0.426303855,4.271428571,1090,1
1,1,0.4,2.066666667,1091,1
0.97957687,0.992171083,0.616780045,4.561904762,1092,1
0,0,1.06122449,1.380952381,1093,1
0.931634995,0.899166674,0.333333333,4.209150327,1094,1
0,0,0.666666667,1.2,1095,1
0,0,0.888888889,1.266666667,1096,1
1,1.584962501,0.876033058,2.054545455,1097,1
1,1.584962501,0.44,2.177777778,1098,1
0.886230036,0.792193831,0.385255648,6.283251232,1099,1
0.910203971,1.01759154,0.358024691,5.99047619,1100,1
0,0,1.06122449,1.380952381,1101,1
1,1.321928095,0.44,2.222222222,1102,1
1,1.584962501,1.734375,2.008333333,1103,1
0,0,0,1,1104,1
0,0,0.888888889,1.266666667,1105,1
0,0,0.24,1.1,1106,1
0.97957687,0.992171083,0.429752066,4.748917749,1107,1
0,0,0.24,1.1,1108,1
0.866830971,1.062989953,0.506666667,3.133333333,1109,1
0.9273355,0.831965758,0.359375,3.4,1110,1
0,0,0.24,1.1,1111,1
0.949451469,0.787473419,0.41,4.958974359,1112,1
